-- phpMyAdmin SQL Dump
-- version 5.0.2
-- https://www.phpmyadmin.net/
--
-- Host: 127.0.0.1
-- Generation Time: Aug 06, 2020 at 02:00 PM
-- Server version: 10.4.13-MariaDB
-- PHP Version: 7.4.8

SET SQL_MODE = "NO_AUTO_VALUE_ON_ZERO";
START TRANSACTION;
SET time_zone = "+00:00";


/*!40101 SET @OLD_CHARACTER_SET_CLIENT=@@CHARACTER_SET_CLIENT */;
/*!40101 SET @OLD_CHARACTER_SET_RESULTS=@@CHARACTER_SET_RESULTS */;
/*!40101 SET @OLD_COLLATION_CONNECTION=@@COLLATION_CONNECTION */;
/*!40101 SET NAMES utf8mb4 */;

--
-- Database: `eshop`
--

-- --------------------------------------------------------

--
-- Table structure for table `cart`
--

CREATE TABLE `cart` (
  `idCart` int(11) NOT NULL,
  `idP` int(11) NOT NULL,
  `idU` int(11) NOT NULL,
  `qte` varchar(255) NOT NULL,
  `idSize` int(11) NOT NULL
) ENGINE=InnoDB DEFAULT CHARSET=utf8mb4;

--
-- Dumping data for table `cart`
--

INSERT INTO `cart` (`idCart`, `idP`, `idU`, `qte`, `idSize`) VALUES
(10, 13, 17, '2', 4),
(11, 11, 17, '2', 4),
(73, 9, 5, '3', 3);

-- --------------------------------------------------------

--
-- Table structure for table `category`
--

CREATE TABLE `category` (
  `idC` int(11) NOT NULL,
  `nameCategory` varchar(255) NOT NULL
) ENGINE=InnoDB DEFAULT CHARSET=utf8mb4;

--
-- Dumping data for table `category`
--

INSERT INTO `category` (`idC`, `nameCategory`) VALUES
(10, 'women'),
(12, 'men'),
(18, 'kids');

-- --------------------------------------------------------

--
-- Table structure for table `mirrormx_customer_chat_data`
--

CREATE TABLE `mirrormx_customer_chat_data` (
  `id` int(10) UNSIGNED NOT NULL,
  `type` varchar(255) NOT NULL,
  `key` varchar(255) NOT NULL,
  `value` text DEFAULT NULL
) ENGINE=InnoDB DEFAULT CHARSET=utf8;

-- --------------------------------------------------------

--
-- Table structure for table `mirrormx_customer_chat_department`
--

CREATE TABLE `mirrormx_customer_chat_department` (
  `id` smallint(5) UNSIGNED NOT NULL,
  `name` varchar(64) NOT NULL,
  `description` varchar(255) DEFAULT NULL
) ENGINE=InnoDB DEFAULT CHARSET=utf8;

--
-- Dumping data for table `mirrormx_customer_chat_department`
--

INSERT INTO `mirrormx_customer_chat_department` (`id`, `name`, `description`) VALUES
(1, 'Admins', 'Admins of websites');

-- --------------------------------------------------------

--
-- Table structure for table `mirrormx_customer_chat_message`
--

CREATE TABLE `mirrormx_customer_chat_message` (
  `id` int(10) UNSIGNED NOT NULL,
  `from_id` int(11) NOT NULL,
  `to_id` int(11) NOT NULL,
  `body` text NOT NULL,
  `datetime` timestamp NOT NULL DEFAULT current_timestamp() ON UPDATE current_timestamp(),
  `talk_id` int(10) UNSIGNED NOT NULL,
  `extra` text DEFAULT NULL
) ENGINE=InnoDB DEFAULT CHARSET=utf8;

--
-- Dumping data for table `mirrormx_customer_chat_message`
--

INSERT INTO `mirrormx_customer_chat_message` (`id`, `from_id`, `to_id`, `body`, `datetime`, `talk_id`, `extra`) VALUES
(1, 2, -1, '', '2020-07-19 22:08:39', 1, '{\"type\":\"talk_start\"}'),
(2, 2, -1, 'hi', '2020-07-19 22:08:51', 1, NULL),
(3, 1, -1, 'hi mr bochaib', '2020-07-19 22:09:26', 1, NULL),
(4, -2, -1, '', '2020-07-19 22:09:26', 1, '{\"type\":\"talk_owner\",\"id\":1,\"user\":\"gitsalah\"}'),
(5, 2, -1, '&lt;3', '2020-07-19 22:09:41', 1, NULL),
(6, 1, -1, 'download.jpg', '2020-07-19 22:10:51', 1, '{\"type\":\"files\",\"files\":[{\"name\":\"download.jpg\",\"size\":11946,\"type\":\"image\\/jpeg\"}]}'),
(7, 1, -1, 'hahahahaha', '2020-07-19 22:11:16', 1, NULL),
(8, -2, -1, '', '2020-07-19 22:11:45', 1, '{\"type\":\"talk_close\"}'),
(9, 3, -1, '', '2020-07-19 22:18:07', 2, '{\"type\":\"talk_start\"}'),
(10, 3, -1, 'HELLO', '2020-07-19 22:26:52', 2, NULL),
(11, -2, -1, '', '2020-07-19 22:48:27', 2, '{\"type\":\"talk_close\"}'),
(12, 5, -1, '', '2020-07-19 22:49:13', 3, '{\"type\":\"talk_start\"}'),
(13, 5, -1, 'yeah', '2020-07-19 22:49:20', 3, NULL),
(14, 1, 4, 'HELLO ', '2020-07-19 23:00:20', 4, NULL),
(15, -2, -1, '', '2020-07-19 23:02:41', 3, '{\"type\":\"talk_close\"}'),
(16, 6, -1, '', '2020-07-20 16:29:13', 5, '{\"type\":\"talk_start\"}'),
(17, 6, -1, 'hi', '2020-07-20 16:29:20', 5, NULL),
(18, 1, -1, 'test', '2020-07-20 16:29:51', 5, NULL),
(19, -2, -1, '', '2020-07-20 16:29:51', 5, '{\"type\":\"talk_owner\",\"id\":1,\"user\":\"gitsalah\"}'),
(20, 7, -1, '', '2020-07-23 02:20:57', 6, '{\"type\":\"talk_start\"}'),
(21, 8, -1, '', '2020-07-29 10:01:52', 7, '{\"type\":\"talk_start\"}'),
(22, 8, -1, 'HELLO', '2020-07-29 10:02:23', 7, NULL),
(23, -2, -1, '', '2020-07-29 10:02:50', 7, '{\"type\":\"talk_close\"}'),
(24, 9, -1, '', '2020-07-29 10:03:10', 8, '{\"type\":\"talk_start\"}'),
(25, 9, -1, 'hi how u doing', '2020-07-29 10:03:18', 8, NULL),
(26, 10, -1, '', '2020-07-29 12:04:38', 9, '{\"type\":\"talk_start\"}'),
(27, 10, -1, 'hi', '2020-07-29 12:04:43', 9, NULL);

-- --------------------------------------------------------

--
-- Table structure for table `mirrormx_customer_chat_shared_file`
--

CREATE TABLE `mirrormx_customer_chat_shared_file` (
  `id` int(10) UNSIGNED NOT NULL,
  `original_name` varchar(255) NOT NULL,
  `name` varchar(32) NOT NULL,
  `type` varchar(255) DEFAULT NULL,
  `size` int(10) UNSIGNED DEFAULT NULL,
  `upload_id` int(10) UNSIGNED NOT NULL,
  `password` varchar(32) NOT NULL
) ENGINE=InnoDB DEFAULT CHARSET=utf8;

--
-- Dumping data for table `mirrormx_customer_chat_shared_file`
--

INSERT INTO `mirrormx_customer_chat_shared_file` (`id`, `original_name`, `name`, `type`, `size`, `upload_id`, `password`) VALUES
(1, 'download.jpg', '5tyeL9cfJGRdJbhhdY8sXA7midmDdMy', 'image/jpeg', 11946, 1, 'zhKROO8QWajsnN6240J6bSzD5EF1PK3');

-- --------------------------------------------------------

--
-- Table structure for table `mirrormx_customer_chat_talk`
--

CREATE TABLE `mirrormx_customer_chat_talk` (
  `id` int(10) UNSIGNED NOT NULL,
  `state` varchar(32) DEFAULT NULL,
  `department_id` smallint(5) UNSIGNED DEFAULT NULL,
  `owner` int(11) DEFAULT NULL,
  `last_activity` timestamp NOT NULL DEFAULT current_timestamp() ON UPDATE current_timestamp(),
  `extra` text DEFAULT NULL
) ENGINE=InnoDB DEFAULT CHARSET=utf8;

--
-- Dumping data for table `mirrormx_customer_chat_talk`
--

INSERT INTO `mirrormx_customer_chat_talk` (`id`, `state`, `department_id`, `owner`, `last_activity`, `extra`) VALUES
(1, 'closed', NULL, 1, '2020-07-19 22:11:16', NULL),
(2, 'closed', NULL, NULL, '2020-07-19 22:18:07', NULL),
(3, 'closed', 1, NULL, '2020-07-19 22:49:13', NULL),
(4, 'closed', NULL, 1, '2020-07-21 18:11:27', NULL),
(5, 'closed', 1, 1, '2020-07-21 18:11:27', NULL),
(6, 'closed', 1, NULL, '2020-07-23 12:44:05', NULL),
(7, 'closed', 1, NULL, '2020-07-29 10:01:52', NULL),
(8, 'closed', 1, NULL, '2020-07-29 11:03:38', NULL),
(9, 'closed', 1, NULL, '2020-07-30 12:22:07', NULL);

-- --------------------------------------------------------

--
-- Table structure for table `mirrormx_customer_chat_upload`
--

CREATE TABLE `mirrormx_customer_chat_upload` (
  `id` int(10) UNSIGNED NOT NULL,
  `message_id` int(10) UNSIGNED NOT NULL,
  `state` varchar(16) NOT NULL,
  `files_info` text DEFAULT NULL,
  `size` int(10) UNSIGNED DEFAULT NULL,
  `progress` int(10) UNSIGNED DEFAULT NULL
) ENGINE=InnoDB DEFAULT CHARSET=utf8;

--
-- Dumping data for table `mirrormx_customer_chat_upload`
--

INSERT INTO `mirrormx_customer_chat_upload` (`id`, `message_id`, `state`, `files_info`, `size`, `progress`) VALUES
(1, 6, 'uploaded', '[{\"name\":\"download.jpg\",\"type\":\"image\\/jpeg\",\"size\":11946}]', 11946, 11946);

-- --------------------------------------------------------

--
-- Table structure for table `mirrormx_customer_chat_user`
--

CREATE TABLE `mirrormx_customer_chat_user` (
  `id` int(11) NOT NULL,
  `name` varchar(32) NOT NULL,
  `mail` varchar(64) NOT NULL,
  `password` varchar(255) NOT NULL,
  `image` varchar(255) DEFAULT NULL,
  `info` text DEFAULT NULL,
  `roles` varchar(128) DEFAULT NULL,
  `last_activity` timestamp NOT NULL DEFAULT current_timestamp() ON UPDATE current_timestamp()
) ENGINE=InnoDB DEFAULT CHARSET=utf8;

--
-- Dumping data for table `mirrormx_customer_chat_user`
--

INSERT INTO `mirrormx_customer_chat_user` (`id`, `name`, `mail`, `password`, `image`, `info`, `roles`, `last_activity`) VALUES
(1, 'gitsalah', 'gitsalah@eshop.com', 'c66790b8d5087bdc85681ae7e2127b7b7f106179', NULL, '{\"ip\":\"::1\"}', 'ADMIN,OPERATOR', '2020-08-04 19:44:37'),
(2, 'BOCHAIB-1595192919', 'bochaib@gmail.com', 'x', '/eshop/backoffice/livechat/upload/default-avatars/c.png', '{\"ip\":\"::1\",\"referer\":\"http:\\/\\/localhost\\/eshop\\/views\\/\",\"userAgent\":\"Mozilla\\/5.0 (Windows NT 10.0; Win64; x64) AppleWebKit\\/537.36 (KHTML, like Gecko) Chrome\\/84.0.4147.89 Safari\\/537.36 Edg\\/84.0.522.40\",\"browserName\":\"chrome\",\"browserVersion\":\"84.0\",\"os\":\"windows\",\"engine\":\"webkit\",\"language\":\"en\",\"geoloc\":{\"countryCode\":\"MA\",\"countryName\":\"Morocco\",\"regionCode\":\"11\",\"regionName\":\"Marrakech-Tensift-Al Haouz\",\"city\":\"Marrakesh\",\"zipCode\":null,\"timeZone\":\"Africa\\/Casablanca\",\"latitude\":31.6315,\"longitude\":-8.0083,\"metroCode\":null,\"utcOffset\":-60}}', 'GUEST', '0000-00-00 00:00:00'),
(3, 'visitor.95204-1595193487', 'no@e.mail.provided', 'x', '/eshop/backoffice/livechat/img/avatar.png', '{\"ip\":\"::1\",\"referer\":\"http:\\/\\/localhost\\/eshop\\/views\\/\",\"userAgent\":\"Mozilla\\/5.0 (Windows NT 10.0; Win64; x64) AppleWebKit\\/537.36 (KHTML, like Gecko) Chrome\\/84.0.4147.89 Safari\\/537.36 Edg\\/84.0.522.40\",\"browserName\":\"chrome\",\"browserVersion\":\"84.0\",\"os\":\"windows\",\"engine\":\"webkit\",\"language\":\"en\",\"geoloc\":{\"countryCode\":\"MA\",\"countryName\":\"Morocco\",\"regionCode\":\"11\",\"regionName\":\"Marrakech-Tensift-Al Haouz\",\"city\":\"Marrakesh\",\"zipCode\":null,\"timeZone\":\"Africa\\/Casablanca\",\"latitude\":31.6315,\"longitude\":-8.0083,\"metroCode\":null,\"utcOffset\":-60}}', 'GUEST', '0000-00-00 00:00:00'),
(4, 'mariem', 'test@gmail.com', 'c66790b8d5087bdc85681ae7e2127b7b7f106179', '/eshop/backoffice/livechat/upload/default-avatars/b.png', '{\"ip\":\"::1\"}', 'OPERATOR', '0000-00-00 00:00:00'),
(5, 'Mick-1595195353', 'kaops@gmail.com', 'x', '/eshop/backoffice/livechat/upload/default-avatars/f.png', '{\"ip\":\"::1\",\"referer\":\"http:\\/\\/localhost\\/eshop\\/views\\/\",\"userAgent\":\"Mozilla\\/5.0 (Windows NT 10.0; Win64; x64) AppleWebKit\\/537.36 (KHTML, like Gecko) Chrome\\/84.0.4147.89 Safari\\/537.36 Edg\\/84.0.522.40\",\"browserName\":\"chrome\",\"browserVersion\":\"84.0\",\"os\":\"windows\",\"engine\":\"webkit\",\"language\":\"en\",\"geoloc\":{\"countryCode\":\"MA\",\"countryName\":\"Morocco\",\"regionCode\":\"11\",\"regionName\":\"Marrakech-Tensift-Al Haouz\",\"city\":\"Marrakesh\",\"zipCode\":null,\"timeZone\":\"Africa\\/Casablanca\",\"latitude\":31.6315,\"longitude\":-8.0083,\"metroCode\":null,\"utcOffset\":-60}}', 'GUEST', '0000-00-00 00:00:00'),
(6, 'zniti-1595258953', 'zniti@gmail.com', 'x', '/eshop/backoffice/livechat/upload/default-avatars/a.png', '{\"ip\":\"::1\",\"referer\":\"http:\\/\\/localhost\\/eshop\\/views\\/\",\"userAgent\":\"Mozilla\\/5.0 (Windows NT 10.0; Win64; x64) AppleWebKit\\/537.36 (KHTML, like Gecko) Chrome\\/84.0.4147.89 Safari\\/537.36 Edg\\/84.0.522.40\",\"browserName\":\"chrome\",\"browserVersion\":\"84.0\",\"os\":\"windows\",\"engine\":\"webkit\",\"language\":\"en\",\"geoloc\":{\"countryCode\":\"MA\",\"countryName\":\"Morocco\",\"city\":null,\"zipCode\":null,\"timeZone\":\"Africa\\/Casablanca\",\"latitude\":32,\"longitude\":-5,\"metroCode\":null,\"utcOffset\":-60}}', 'GUEST', '2020-07-20 16:30:27'),
(7, '&lt;script&gt;alert(\'heello\')&lt', 'mariem@eshop.com', 'x', '/eshop/backoffice/livechat/upload/default-avatars/g.png', '{\"ip\":\"::1\",\"referer\":\"http:\\/\\/localhost\\/eshop\\/views\\/\",\"userAgent\":\"Mozilla\\/5.0 (Windows NT 10.0; Win64; x64) AppleWebKit\\/537.36 (KHTML, like Gecko) Chrome\\/84.0.4147.89 Safari\\/537.36 Edg\\/84.0.522.40\",\"browserName\":\"chrome\",\"browserVersion\":\"84.0\",\"os\":\"windows\",\"engine\":\"webkit\",\"language\":\"fr\",\"geoloc\":{\"countryCode\":\"MA\",\"countryName\":\"Morocco\",\"city\":null,\"zipCode\":null,\"timeZone\":\"Africa\\/Casablanca\",\"latitude\":32,\"longitude\":-5,\"metroCode\":null,\"utcOffset\":-60}}', 'GUEST', '2020-07-23 02:21:02'),
(8, 'USERGEST-1596013312', 'salah.bouanba3@gmail.com', 'x', '/eshop/backoffice/livechat/upload/default-avatars/a.png', '{\"ip\":\"::1\",\"referer\":\"http:\\/\\/localhost\\/eshop\\/views\\/\",\"userAgent\":\"Mozilla\\/5.0 (Windows NT 10.0; Win64; x64) AppleWebKit\\/537.36 (KHTML, like Gecko) Chrome\\/84.0.4147.89 Safari\\/537.36 Edg\\/84.0.522.48\",\"browserName\":\"chrome\",\"browserVersion\":\"84.0\",\"os\":\"windows\",\"engine\":\"webkit\",\"language\":\"fr\",\"geoloc\":{\"countryCode\":\"MA\",\"countryName\":\"Morocco\",\"regionCode\":\"13\",\"regionName\":\"Region de Souss-Massa-Draa\",\"city\":\"Agadir\",\"zipCode\":null,\"timeZone\":\"Africa\\/Casablanca\",\"latitude\":30.4207,\"longitude\":-9.5932,\"metroCode\":null,\"utcOffset\":-60}}', 'GUEST', '0000-00-00 00:00:00'),
(9, 'TEST-1596013390', 'test@gmzil.com', 'x', '/eshop/backoffice/livechat/upload/default-avatars/a.png', '{\"ip\":\"::1\",\"referer\":\"http:\\/\\/localhost\\/eshop\\/views\\/\",\"userAgent\":\"Mozilla\\/5.0 (Windows NT 10.0; Win64; x64) AppleWebKit\\/537.36 (KHTML, like Gecko) Chrome\\/84.0.4147.89 Safari\\/537.36 Edg\\/84.0.522.48\",\"browserName\":\"chrome\",\"browserVersion\":\"84.0\",\"os\":\"windows\",\"engine\":\"webkit\",\"language\":\"fr\",\"geoloc\":{\"countryCode\":\"MA\",\"countryName\":\"Morocco\",\"regionCode\":\"13\",\"regionName\":\"Region de Souss-Massa-Draa\",\"city\":\"Agadir\",\"zipCode\":null,\"timeZone\":\"Africa\\/Casablanca\",\"latitude\":30.4207,\"longitude\":-9.5932,\"metroCode\":null,\"utcOffset\":-60}}', 'GUEST', '2020-07-29 10:03:26'),
(10, 'test-1596020678', 'test@gmzil.com', 'x', '/eshop/backoffice/livechat/upload/default-avatars/a.png', '{\"ip\":\"::1\",\"referer\":\"http:\\/\\/localhost\\/eshop\\/views\\/index.php\",\"userAgent\":\"Mozilla\\/5.0 (Windows NT 10.0; Win64; x64) AppleWebKit\\/537.36 (KHTML, like Gecko) Chrome\\/84.0.4147.89 Safari\\/537.36 Edg\\/84.0.522.48\",\"browserName\":\"chrome\",\"browserVersion\":\"84.0\",\"os\":\"windows\",\"engine\":\"webkit\",\"language\":\"fr\",\"geoloc\":{\"countryCode\":\"MA\",\"countryName\":\"Morocco\",\"city\":null,\"zipCode\":null,\"timeZone\":\"Africa\\/Casablanca\",\"latitude\":32,\"longitude\":-5,\"metroCode\":null,\"utcOffset\":-60}}', 'GUEST', '2020-07-29 12:17:48');

-- --------------------------------------------------------

--
-- Table structure for table `mirrormx_customer_chat_user_department`
--

CREATE TABLE `mirrormx_customer_chat_user_department` (
  `user_id` int(11) NOT NULL,
  `department_id` smallint(5) UNSIGNED NOT NULL
) ENGINE=InnoDB DEFAULT CHARSET=utf8;

--
-- Dumping data for table `mirrormx_customer_chat_user_department`
--

INSERT INTO `mirrormx_customer_chat_user_department` (`user_id`, `department_id`) VALUES
(1, 1),
(4, 1);

-- --------------------------------------------------------

--
-- Table structure for table `orders`
--

CREATE TABLE `orders` (
  `idOrder` int(11) NOT NULL,
  `orderNumber` varchar(255) NOT NULL,
  `status` varchar(255) NOT NULL,
  `firstname` varchar(255) NOT NULL,
  `lastname` varchar(255) NOT NULL,
  `address` varchar(255) NOT NULL,
  `zip` varchar(255) NOT NULL,
  `idU` int(11) NOT NULL,
  `idP` int(11) NOT NULL,
  `qte` varchar(255) NOT NULL,
  `calculated` tinyint(4) NOT NULL
) ENGINE=InnoDB DEFAULT CHARSET=utf8mb4;

--
-- Dumping data for table `orders`
--

INSERT INTO `orders` (`idOrder`, `orderNumber`, `status`, `firstname`, `lastname`, `address`, `zip`, `idU`, `idP`, `qte`, `calculated`) VALUES
(30, 'Mshop', 'Delivred', 'salaheddine', 'bouanba', 'lot 161 AL MANAR YASSAMIN', '30000', 12, 13, '2', 1),
(31, 'Mshop', 'Delivred', 'salaheddine', 'bouanba', 'lot 161 AL MANAR YASSAMIN', '40000', 12, 10, '1', 1),
(32, 'Mshop31', 'Delivred', 'salaheddine', 'bouanba', 'lot 161 AL MANAR YASSAMIN', '40000', 12, 10, '1', 1),
(33, 'Mshop31', 'Delivred', 'salaheddine', 'bouanba', 'lot 161 AL MANAR YASSAMIN', '40000', 12, 13, '1', 1),
(34, 'Mshop33', 'Delivred', 'salaheddine', 'bouanba', 'lot 161 AL MANAR YASSAMIN', '50000', 12, 10, '1', 1),
(35, 'Mshop33', 'Delivred', 'salaheddine', 'bouanba', 'lot 161 AL MANAR YASSAMIN', '40000', 12, 13, '1', 1),
(37, 'Mshop36', 'Delivred', 'salaheddine', 'bouanba', 'lot 161 AL MANAR YASSAMIN', '40000', 5, 11, '1', 1),
(38, 'Mshop37', 'Delivred', 'salaheddine', 'bouanba', 'lot 161 AL MANAR YASSAMIN', '40000', 5, 11, '1', 1),
(39, 'Mshop35', 'Delivred', 'salaheddine', 'bouanba', 'lot 161 AL MANAR YASSAMIN', '40000', 12, 9, '3', 1),
(40, 'Mshop35', 'Delivred', 'salaheddine', 'bouanba', 'lot 161 AL MANAR YASSAMIN', '40000', 12, 10, '2', 1),
(41, 'Mshop38', 'Delivred', 'salaheddine', 'bouanba', 'lot 161 AL MANAR YASSAMIN', '40000', 5, 9, '1', 1),
(42, 'Mshop40', 'pending', 'salaheddine', 'bouanba', 'lot 161 AL MANAR YASSAMIN', '40000', 12, 9, '3', 0),
(43, 'Mshop42', 'pending', 'salaheddine', 'bouanba', 'lot 161 AL MANAR YASSAMIN', '40000', 12, 29, '2', 0);

-- --------------------------------------------------------

--
-- Table structure for table `product`
--

CREATE TABLE `product` (
  `idP` int(11) NOT NULL,
  `nameProduct` varchar(255) NOT NULL,
  `Price` varchar(255) NOT NULL,
  `Qte` varchar(255) NOT NULL,
  `Image` varchar(255) NOT NULL,
  `Image2` varchar(255) NOT NULL,
  `description` varchar(255) NOT NULL,
  `idC` int(11) NOT NULL
) ENGINE=InnoDB DEFAULT CHARSET=utf8mb4;

--
-- Dumping data for table `product`
--

INSERT INTO `product` (`idP`, `nameProduct`, `Price`, `Qte`, `Image`, `Image2`, `description`, `idC`) VALUES
(9, 'suite', '420', '80', '1595016527_0706406401_1_1_1-300x300.jpg', '1595977839_1595538280_1594862114_7545310401_1_1_1-300x300.jpg', '', 12),
(10, 'Costume', '1000', '108', '1595016593_7545310401_1_1_1-300x300.jpg', '', '', 12),
(11, 'Costume premium', '2000', '6', '1595016628_9621450800_1_1_1-300x300.jpg', '', '', 12),
(12, 'Tshirt', '120', '50', '1595019958_harajuku-t-shirt-women-clothes-2019-streetwear-korean-style-tee-shirt-femme-hip-hop-tops-Japanese__26740.1563312756.jpg', '', '', 10),
(13, 'test', '1200', '231', '1595354746_612vCGYAHGL._UL1206_.jpg', '', '', 10),
(14, 'PRODUCT1', '12', '12', '1595069596_4087400649_2_1_1-1-300x300.jpg', '', '', 12),
(15, 'TEST2', '12', '12', '1595069614_4087400649_2_1_1-1-300x300.jpg', '', '', 12),
(16, 'TEST4', '230', '23', '1595069636_4087400649_2_1_1-1-300x300.jpg', '', '', 12),
(17, 'test23', '23', '23', '1595069666_4087400649_2_1_1-1-300x300.jpg', '', '', 12),
(18, 'TEST32', '32', '32', '1595069682_4087400649_2_1_1-1-300x300.jpg', '', '', 12),
(19, 'TEST462', '2000', '233', '1595538280_1594834578_4087400649_2_1_1-1-300x300.jpg', '1595538280_1594862114_7545310401_1_1_1-300x300.jpg', '', 12),
(21, 'TETS13', '232', '232', '1595069738_4087400649_2_1_1-1-300x300.jpg', '', '', 12),
(24, 'Nike', '232', '234', '1595343570_images.jpeg', '1595343570_download.jpeg', '', 12),
(25, 'Adidas', '2442', '232', '1595355920_5629211_350_A.jpg', '1595355920_Chaussure_Gazelle_Bleu_BB5478_01_standard.jpg', '<p>TEST</p>', 12),
(29, 'Adidase', '2323', '23322', '1595538106_1595355920_Chaussure_Gazelle_Bleu_BB5478_01_standard.jpg', '1595538106_1595538041_1595536543_1595535883_1595355920_5629211_350_A.jpg', '', 12),
(31, 'testProduct', '1200', '0', '1595775453_download.jpeg', '1595775453_5629211_350_A.jpg', '', 18);

-- --------------------------------------------------------

--
-- Table structure for table `size`
--

CREATE TABLE `size` (
  `idSize` int(11) NOT NULL,
  `nameSize` varchar(255) NOT NULL
) ENGINE=InnoDB DEFAULT CHARSET=utf8mb4;

--
-- Dumping data for table `size`
--

INSERT INTO `size` (`idSize`, `nameSize`) VALUES
(1, 'S'),
(3, 'M'),
(4, 'L'),
(7, 'XL'),
(8, 'XXXL'),
(10, '42'),
(11, '44'),
(12, '45');

-- --------------------------------------------------------

--
-- Table structure for table `size_product`
--

CREATE TABLE `size_product` (
  `idPS` int(11) NOT NULL,
  `idP` int(11) NOT NULL,
  `idSize` int(11) NOT NULL
) ENGINE=InnoDB DEFAULT CHARSET=utf8mb4;

--
-- Dumping data for table `size_product`
--

INSERT INTO `size_product` (`idPS`, `idP`, `idSize`) VALUES
(35, 9, 1),
(36, 9, 3),
(37, 9, 4),
(38, 9, 7),
(39, 9, 8),
(40, 10, 1),
(41, 10, 3),
(42, 10, 4),
(45, 11, 1),
(46, 11, 3),
(47, 11, 4),
(48, 11, 7),
(49, 11, 8),
(50, 13, 1),
(51, 13, 3),
(52, 13, 4),
(53, 13, 7),
(54, 13, 8),
(55, 12, 1),
(56, 12, 3),
(57, 12, 4),
(58, 12, 7),
(59, 12, 8),
(60, 31, 1),
(61, 31, 3),
(62, 31, 4),
(63, 14, 1),
(64, 14, 3),
(65, 14, 4),
(66, 14, 7),
(67, 14, 8),
(68, 15, 1),
(69, 15, 3),
(70, 15, 4),
(71, 15, 7),
(72, 15, 8),
(73, 16, 1),
(74, 16, 3),
(75, 16, 4),
(76, 16, 7),
(77, 16, 8),
(78, 17, 1),
(79, 17, 3),
(80, 17, 4),
(81, 17, 7),
(82, 17, 8),
(83, 18, 1),
(84, 18, 3),
(85, 18, 4),
(86, 18, 7),
(87, 18, 8),
(88, 19, 1),
(89, 19, 3),
(90, 19, 4),
(91, 19, 7),
(92, 19, 8),
(93, 21, 1),
(94, 21, 3),
(95, 21, 4),
(96, 21, 8),
(97, 29, 10),
(98, 29, 11),
(99, 29, 12);

-- --------------------------------------------------------

--
-- Table structure for table `users`
--

CREATE TABLE `users` (
  `idU` int(11) NOT NULL,
  `fullname` varchar(255) NOT NULL,
  `email` varchar(255) NOT NULL,
  `password` varchar(255) NOT NULL,
  `phone_number` varchar(255) NOT NULL,
  `admin` tinyint(4) NOT NULL,
  `superAdmin` tinyint(4) NOT NULL,
  `ban` tinyint(4) NOT NULL
) ENGINE=InnoDB DEFAULT CHARSET=utf8mb4;

--
-- Dumping data for table `users`
--

INSERT INTO `users` (`idU`, `fullname`, `email`, `password`, `phone_number`, `admin`, `superAdmin`, `ban`) VALUES
(5, 'gitsalah', 'test', '0646274243', '064664872', 1, 1, 0),
(6, 'SALAHEDDINE ', 'salah.bouanba2@gmail.com', '$2y$10$mNK3IMFoEiN5zzrxSLBd4.07pV82uxtKSavDTsRZSnFfJ4.gE9m8W', '0661263709', 0, 0, 1),
(7, 'test', 'hello@hello.com', '$2y$10$03XQMZrLQCfXMY6yia312.336DEjWm8NwSl32nucbQSDEkhGVLgfu', '0636382012', 0, 0, 0),
(11, 'mariem', 'mariem@eshop.com', '0646274243', '0646274243', 1, 0, 0),
(12, 'Hamza', 'hamza@gmail.com', '$2y$10$03XQMZrLQCfXMY6yia312.336DEjWm8NwSl32nucbQSDEkhGVLgfu', '0646275253', 0, 0, 0),
(13, 'mohamed', 'simo@gmail.com', '$2y$10$LiUhl5mr5x9jVS7YCLaUDe./tV33Y8S1WmT3LiGvEBfZhpr0igEnu', '0649118803', 0, 0, 0),
(14, 'simoo', 'simoo@gmail.com', '$2y$10$NG.cNPGxERT58pS/iQngTe4x0E0s4SqCE/fx9zU.GYKJzEj1LOowa', '0646274243', 0, 0, 0),
(15, 'yousef', 'youssef@gmail.com', '$2y$10$trA8VlRBGND9xFPEHn4xLOOYQ1h7KYgu/P1xWD6PwuKiqlQht9mJa', '0646274243', 0, 0, 0),
(16, 'SALAHEDDINE ', 'salah@salah.me', '$2y$10$m4AKaw9qhEG8v9d43DuxWeSFnKGSV9ti5hcE35THfxTX8vKwfa3WG', '0646274243', 0, 0, 0),
(17, 'salaheddine', 'gh@gh.com', '$2y$10$MJRFQiY0aL5nlrngFqSdh.IJVGwEHpPilOpZFLf2XHqOKOhbgjB/.', '0646274243', 0, 0, 0);

--
-- Indexes for dumped tables
--

--
-- Indexes for table `cart`
--
ALTER TABLE `cart`
  ADD PRIMARY KEY (`idCart`),
  ADD KEY `fk_products` (`idP`),
  ADD KEY `fk_users` (`idU`),
  ADD KEY `fk_idSizeCart` (`idSize`);

--
-- Indexes for table `category`
--
ALTER TABLE `category`
  ADD PRIMARY KEY (`idC`);

--
-- Indexes for table `mirrormx_customer_chat_data`
--
ALTER TABLE `mirrormx_customer_chat_data`
  ADD PRIMARY KEY (`id`),
  ADD KEY `data_type_ix` (`type`);

--
-- Indexes for table `mirrormx_customer_chat_department`
--
ALTER TABLE `mirrormx_customer_chat_department`
  ADD PRIMARY KEY (`id`);

--
-- Indexes for table `mirrormx_customer_chat_message`
--
ALTER TABLE `mirrormx_customer_chat_message`
  ADD PRIMARY KEY (`id`),
  ADD KEY `message_fk_talk` (`talk_id`),
  ADD KEY `message_from_id_ix` (`from_id`),
  ADD KEY `message_to_id_ix` (`to_id`),
  ADD KEY `message_datetime_ix` (`datetime`);

--
-- Indexes for table `mirrormx_customer_chat_shared_file`
--
ALTER TABLE `mirrormx_customer_chat_shared_file`
  ADD PRIMARY KEY (`id`),
  ADD KEY `shared_file_fk_upload` (`upload_id`);

--
-- Indexes for table `mirrormx_customer_chat_talk`
--
ALTER TABLE `mirrormx_customer_chat_talk`
  ADD PRIMARY KEY (`id`),
  ADD KEY `talk_fk_department` (`department_id`),
  ADD KEY `talk_owner_ix` (`owner`),
  ADD KEY `talk_last_activity_ix` (`last_activity`);

--
-- Indexes for table `mirrormx_customer_chat_upload`
--
ALTER TABLE `mirrormx_customer_chat_upload`
  ADD PRIMARY KEY (`id`),
  ADD KEY `upload_fk_message` (`message_id`);

--
-- Indexes for table `mirrormx_customer_chat_user`
--
ALTER TABLE `mirrormx_customer_chat_user`
  ADD PRIMARY KEY (`id`),
  ADD KEY `user_mail_ix` (`mail`),
  ADD KEY `user_last_activity_ix` (`last_activity`);

--
-- Indexes for table `mirrormx_customer_chat_user_department`
--
ALTER TABLE `mirrormx_customer_chat_user_department`
  ADD UNIQUE KEY `user_department_uq` (`user_id`,`department_id`),
  ADD KEY `user_department_fk_department` (`department_id`);

--
-- Indexes for table `orders`
--
ALTER TABLE `orders`
  ADD PRIMARY KEY (`idOrder`),
  ADD KEY `fk_user_order` (`idU`),
  ADD KEY `fk_product_order` (`idP`);

--
-- Indexes for table `product`
--
ALTER TABLE `product`
  ADD PRIMARY KEY (`idP`),
  ADD KEY `FK_Categorie` (`idC`);

--
-- Indexes for table `size`
--
ALTER TABLE `size`
  ADD PRIMARY KEY (`idSize`);

--
-- Indexes for table `size_product`
--
ALTER TABLE `size_product`
  ADD PRIMARY KEY (`idPS`),
  ADD KEY `fk_sizeproduct` (`idP`),
  ADD KEY `fk_addSizeproduct` (`idSize`);

--
-- Indexes for table `users`
--
ALTER TABLE `users`
  ADD PRIMARY KEY (`idU`);

--
-- AUTO_INCREMENT for dumped tables
--

--
-- AUTO_INCREMENT for table `cart`
--
ALTER TABLE `cart`
  MODIFY `idCart` int(11) NOT NULL AUTO_INCREMENT, AUTO_INCREMENT=74;

--
-- AUTO_INCREMENT for table `category`
--
ALTER TABLE `category`
  MODIFY `idC` int(11) NOT NULL AUTO_INCREMENT, AUTO_INCREMENT=19;

--
-- AUTO_INCREMENT for table `mirrormx_customer_chat_data`
--
ALTER TABLE `mirrormx_customer_chat_data`
  MODIFY `id` int(10) UNSIGNED NOT NULL AUTO_INCREMENT;

--
-- AUTO_INCREMENT for table `mirrormx_customer_chat_department`
--
ALTER TABLE `mirrormx_customer_chat_department`
  MODIFY `id` smallint(5) UNSIGNED NOT NULL AUTO_INCREMENT, AUTO_INCREMENT=2;

--
-- AUTO_INCREMENT for table `mirrormx_customer_chat_message`
--
ALTER TABLE `mirrormx_customer_chat_message`
  MODIFY `id` int(10) UNSIGNED NOT NULL AUTO_INCREMENT, AUTO_INCREMENT=28;

--
-- AUTO_INCREMENT for table `mirrormx_customer_chat_shared_file`
--
ALTER TABLE `mirrormx_customer_chat_shared_file`
  MODIFY `id` int(10) UNSIGNED NOT NULL AUTO_INCREMENT, AUTO_INCREMENT=2;

--
-- AUTO_INCREMENT for table `mirrormx_customer_chat_talk`
--
ALTER TABLE `mirrormx_customer_chat_talk`
  MODIFY `id` int(10) UNSIGNED NOT NULL AUTO_INCREMENT, AUTO_INCREMENT=10;

--
-- AUTO_INCREMENT for table `mirrormx_customer_chat_upload`
--
ALTER TABLE `mirrormx_customer_chat_upload`
  MODIFY `id` int(10) UNSIGNED NOT NULL AUTO_INCREMENT, AUTO_INCREMENT=2;

--
-- AUTO_INCREMENT for table `mirrormx_customer_chat_user`
--
ALTER TABLE `mirrormx_customer_chat_user`
  MODIFY `id` int(11) NOT NULL AUTO_INCREMENT, AUTO_INCREMENT=11;

--
-- AUTO_INCREMENT for table `orders`
--
ALTER TABLE `orders`
  MODIFY `idOrder` int(11) NOT NULL AUTO_INCREMENT, AUTO_INCREMENT=44;

--
-- AUTO_INCREMENT for table `product`
--
ALTER TABLE `product`
  MODIFY `idP` int(11) NOT NULL AUTO_INCREMENT, AUTO_INCREMENT=32;

--
-- AUTO_INCREMENT for table `size`
--
ALTER TABLE `size`
  MODIFY `idSize` int(11) NOT NULL AUTO_INCREMENT, AUTO_INCREMENT=13;

--
-- AUTO_INCREMENT for table `size_product`
--
ALTER TABLE `size_product`
  MODIFY `idPS` int(11) NOT NULL AUTO_INCREMENT, AUTO_INCREMENT=100;

--
-- AUTO_INCREMENT for table `users`
--
ALTER TABLE `users`
  MODIFY `idU` int(11) NOT NULL AUTO_INCREMENT, AUTO_INCREMENT=18;

--
-- Constraints for dumped tables
--

--
-- Constraints for table `cart`
--
ALTER TABLE `cart`
  ADD CONSTRAINT `fk_idSizeCart` FOREIGN KEY (`idSize`) REFERENCES `size` (`idSize`),
  ADD CONSTRAINT `fk_products` FOREIGN KEY (`idP`) REFERENCES `product` (`idP`),
  ADD CONSTRAINT `fk_users` FOREIGN KEY (`idU`) REFERENCES `users` (`idU`);

--
-- Constraints for table `mirrormx_customer_chat_message`
--
ALTER TABLE `mirrormx_customer_chat_message`
  ADD CONSTRAINT `message_fk_talk` FOREIGN KEY (`talk_id`) REFERENCES `mirrormx_customer_chat_talk` (`id`) ON DELETE CASCADE ON UPDATE CASCADE;

--
-- Constraints for table `mirrormx_customer_chat_shared_file`
--
ALTER TABLE `mirrormx_customer_chat_shared_file`
  ADD CONSTRAINT `shared_file_fk_upload` FOREIGN KEY (`upload_id`) REFERENCES `mirrormx_customer_chat_upload` (`id`) ON DELETE CASCADE ON UPDATE CASCADE;

--
-- Constraints for table `mirrormx_customer_chat_talk`
--
ALTER TABLE `mirrormx_customer_chat_talk`
  ADD CONSTRAINT `talk_fk_department` FOREIGN KEY (`department_id`) REFERENCES `mirrormx_customer_chat_department` (`id`) ON DELETE SET NULL ON UPDATE CASCADE;

--
-- Constraints for table `mirrormx_customer_chat_upload`
--
ALTER TABLE `mirrormx_customer_chat_upload`
  ADD CONSTRAINT `upload_fk_message` FOREIGN KEY (`message_id`) REFERENCES `mirrormx_customer_chat_message` (`id`) ON DELETE CASCADE ON UPDATE CASCADE;

--
-- Constraints for table `mirrormx_customer_chat_user_department`
--
ALTER TABLE `mirrormx_customer_chat_user_department`
  ADD CONSTRAINT `user_department_fk_department` FOREIGN KEY (`department_id`) REFERENCES `mirrormx_customer_chat_department` (`id`) ON DELETE CASCADE ON UPDATE CASCADE,
  ADD CONSTRAINT `user_department_fk_user` FOREIGN KEY (`user_id`) REFERENCES `mirrormx_customer_chat_user` (`id`) ON DELETE CASCADE ON UPDATE CASCADE;

--
-- Constraints for table `orders`
--
ALTER TABLE `orders`
  ADD CONSTRAINT `fk_product_order` FOREIGN KEY (`idP`) REFERENCES `product` (`idP`),
  ADD CONSTRAINT `fk_user_order` FOREIGN KEY (`idU`) REFERENCES `users` (`idU`);

--
-- Constraints for table `product`
--
ALTER TABLE `product`
  ADD CONSTRAINT `FK_Categorie` FOREIGN KEY (`idC`) REFERENCES `category` (`idC`);

--
-- Constraints for table `size_product`
--
ALTER TABLE `size_product`
  ADD CONSTRAINT `fk_addSizeproduct` FOREIGN KEY (`idSize`) REFERENCES `size` (`idSize`),
  ADD CONSTRAINT `fk_sizeproduct` FOREIGN KEY (`idP`) REFERENCES `product` (`idP`);
COMMIT;

/*!40101 SET CHARACTER_SET_CLIENT=@OLD_CHARACTER_SET_CLIENT */;
/*!40101 SET CHARACTER_SET_RESULTS=@OLD_CHARACTER_SET_RESULTS */;
/*!40101 SET COLLATION_CONNECTION=@OLD_COLLATION_CONNECTION */;
